"symbol","status","rev3","rev5","rev10","prof3","prof5","prof10","stk3","stk5","stk10","stk_status"
"RELIANCE","ok","6.4","11.0","","6.6","7.4","","","","","rebuild_pending"
"TCS","ok","5.8","","","5.3","","","","","","rebuild_pending"
"INFY","ok","5.7","","","2.1","","","","","","rebuild_pending"
"ITC","under_review","","","","","","","","","",""
"HCLTECH","ok","11.0","","","8.8","","","4.8","8.8","15.7","ok"
"BHARTIARTL","ok","14.9","26.8","","47.3","","","","29.6","19.9","partial"
"LT","ERR2","","","","","","","","","",""
"MARUTI","ok","16.6","20.6","","21.1","39.5","","","","","rebuild_pending"
"WIPRO","under_review","","","","","","","","","",""
"TITAN","ok","23.8","27.9","","16.0","23.6","","","","","rebuild_pending"
"ULTRACEMCO","ok","12.4","14.4","","17.3","2.7","","","","","rebuild_pending"
"HINDUNILVR","ok","2.3","5.5","","14.1","14.1","","-5.0","0.5","11.3","ok"
"NESTLEIND","ok","11.0","","","14.8","","","","","","rebuild_pending"
"BRITANNIA","ok","5.7","8.8","","3.0","7.6","","5.5","10.2","16.0","ok"
"DABUR","ok","4.9","6.6","","3.5","2.3","","-5.7","-2.7","","partial"
"GODREJCP","ok","4.6","5.5","","3.0","1.1","","","4.8","7.9","partial"
"PIDILITIND","ok","7.5","10.3","","24.4","19.3","","","","","rebuild_pending"
"TECHM","under_review","","","","","","","","","",""
"GRASIM","ERR2","","","","","","","","","",""
"EICHERMOT","ok","17.5","21.4","","23.7","32.6","","25.0","21.7","14.8","ok"
"TATACONSUM","ok","13.9","13.1","","8.6","13.3","","","","","rebuild_pending"
"ASIANPAINT","ok","1.1","10.3","","1.7","6.2","","-5.6","-1.2","10.8","ok"
"BAJAJ-AUTO","ok","19.5","16.8","","21.0","17.2","","34.0","23.2","17.7","ok"
"M&M","ok","18.4","22.3","","18.5","27.0","","","","","rebuild_pending"
"HEROMOTOCO","ok","12.0","13.1","","26.9","25.5","","23.8","14.1","","partial"
"TATAMOTORS","under_review","","","","","","","","","",""
"BAJFINANCE","ok","22.6","13.2","","18.2","33.9","","9.8","9.3","28.2","ok"
"BAJAJFINSV","ok","15.9","16.1","","-7.1","5.9","","6.7","7.8","25.3","ok"
"BAJAJHLDNG","ok","25.5","91.4","","25.7","21.4","","","26.4","23.1","partial"
"HDFCLIFE","ok","12.3","10.2","","11.8","9.6","","2.6","-1.7","","partial"
"SBILIFE","ok","11.7","7.9","","12.8","13.2","","","","","rebuild_pending"
"ICICIPRULI","ok","9.1","","","25.5","","","","-1.9","","partial"
"ICICIGI","ok","14.9","14.2","","17.0","21.5","","14.8","5.5","","partial"
"LICI","ok","7.6","7.7","","16.9","93.2","","","","","rebuild_pending"
"ADANIPORTS","ok","22.9","54.7","","34.1","46.0","","35.1","17.2","24.8","ok"
"ADANIENT","ok","-7.7","20.5","","55.9","54.9","","","9.9","53.1","partial"
"ADANIGREEN","ERR2","","","","","","","","","",""
"ADANIPOWER","ok","12.5","15.6","","6.2","58.8","","","59.6","43.5","partial"
"DLF","ok","12.9","8.6","2.3","29.5","32.5","-0.2","","15.4","17.0","partial"
"GODREJPROP","ok","33.3","31.3","","47.9","51.4","","","4.2","","partial"
"OBEROIRLTY","ok","12.9","22.4","","9.6","24.4","","","","","rebuild_pending"
"TRENT","ok","34.8","45.6","","57.0","","","","","","rebuild_pending"
"DMART","ok","24.2","19.0","","22.0","15.8","","","5.2","","partial"
"ZOMATO","ERR2","","","","","","","","","",""
"PAYTM","ERR2","","","","","","","","","",""
"NYKAA","ok","25.1","27.8","","","48.4","","","","","rebuild_pending"
"POLICYBZR","ok","51.7","","","","","","","","","rebuild_pending"
"INDIGO","ok","16.6","34.5","","","","","","","","rebuild_pending"
"LTIM","ERR2","","","","","","","","","",""
"MPHASIS","under_review","","","","","","","","","",""
"COFORGE","under_review","","","","","","","","","",""
"PERSISTENT","under_review","","","","","","","","","",""
"KPITTECH","ok","33.9","","","45.2","","","","","","rebuild_pending"
"TATAELXSI","ok","6.1","11.0","","-5.9","3.4","","","","","rebuild_pending"
"OFSS","ok","10.4","10.1","","13.5","8.7","","","","","rebuild_pending"
"LTTS","ok","17.5","","","9.8","","","","","","rebuild_pending"
"HAVELLS","ok","9.9","12.7","","16.4","9.0","","","3.3","","partial"
"VOLTAS","ERR2","","","","","","","","","",""
"BLUESTARCO","ERR2","","","","","","","","","",""
"CROMPTON","ok","13.4","11.6","","-1.3","2.3","","","-5.2","","partial"
"WHIRLPOOL","ok","6.4","6.7","","10.3","-15.1","","","","","rebuild_pending"
"DIXON","ok","58.9","49.9","","77.9","55.2","","","22.3","","partial"
"AMBER","ERR2","","","","","","","","","",""
"SIEMENS","ok","3.0","","","10.9","","","","","","rebuild_pending"
"ABB","ok","75.6","51.6","","89.6","63.8","","","32.9","20.3","partial"
"BOSCHLTD","ok","11.1","15.6","","24.8","41.9","","","19.9","6.0","partial"
"CUMMINSIND","ok","16.1","22.3","","24.4","30.0","","","48.0","23.1","partial"
"BHARATFORG","ERR2","","","","","","","","","",""
"MOTHERSON","ok","21.4","","","63.3","","","","","","rebuild_pending"
"BALKRISIND","ok","8.1","16.6","","4.9","11.5","","","0.8","","partial"
"MRF","ok","13.7","","","40.8","","","","","","rebuild_pending"
"APOLLOTYRE","ok","5.7","10.4","","9.5","31.4","","","11.6","","partial"
"ESCORTS","ok","12.6","","","19.8","","","","20.0","","partial"
"ASHOKLEY","ok","10.4","23.6","","36.6","","","","21.9","","partial"
"TVSMOTOR","ERR2","","","","","","","","","",""
"PAGEIND","ok","3.9","8.9","","10.2","9.2","","","","","rebuild_pending"
"VBL","ok","17.3","","","26.6","","","","","","rebuild_pending"
"COLPAL","ok","4.9","4.3","","8.2","5.1","","12.2","7.1","","partial"
"MARICO","ok","12.0","9.5","","10.6","9.5","","","","","rebuild_pending"
"EMAMILTD","ok","5.7","7.2","","-1.2","21.7","","","-3.9","","partial"
"GILLETTE","ok","9.4","","","9.9","","","","8.4","","partial"
"PGHH","ok","5.5","","","1.2","","","","","","rebuild_pending"
"JUBLFOOD","ok","22.8","21.4","","6.7","0.5","","","","","rebuild_pending"
"DEVYANI","ok","33.6","","","-61.2","","","","","","rebuild_pending"
"SAPPHIRE","ok","18.8","","","-25.4","","","","","","rebuild_pending"
"WESTLIFE","ERR2","","","","","","","","","",""
"BERGEPAINT","ok","4.0","11.7","","9.4","9.4","","","-5.0","","partial"
"AKZOINDIA","ok","-1.6","3.7","","80.6","61.5","","","","","rebuild_pending"
"KANSAINER","ok","2.4","6.4","","7.6","13.2","","","","","rebuild_pending"
"INDIGOPNTS","ok","14.0","","","19.0","","","","-16.4","","partial"
"PRAJIND","ok","11.6","","","13.4","","","","","","rebuild_pending"
"ABCAPITAL","ERR2","","","","","","","","","",""
"MUTHOOTFIN","ok","38.0","26.3","","43.1","27.4","","","","","rebuild_pending"
"MANAPPURAM","ok","8.3","8.8","","-12.5","-6.8","","","","","rebuild_pending"
"CHOLAFIN","ok","10.0","12.4","","25.2","28.0","","","22.2","22.9","partial"
"SHRIRAMFIN","ok","32.4","","","52.0","","","","","","rebuild_pending"
"L&TFH","under_review","","","","","","","","","",""
"UPL","ok","0.2","","","-37.2","","","","","","rebuild_pending"
"PEL","ERR2","","","","","","","","","",""
"NAUKRI","ok","21.5","","","-57.8","","","","","","rebuild_pending"
"HDFCBANK","ok","32.5","","","20.4","","","-0.6","1.5","11.0","ok"
"ICICIBANK","ok","19.7","17.7","","16.8","21.2","","11.4","15.3","19.8","ok"
"SBIN","ok","12.2","12.8","","14.4","23.9","","","","","rebuild_pending"
"KOTAKBANK","ok","14.6","14.1","","8.9","12.4","","","","","rebuild_pending"
"AXISBANK","ok","12.2","","","34.6","","","11.6","11.7","9.3","ok"
"INDUSINDBK","ok","-0.3","3.4","","-50.7","-34.4","","","","","rebuild_pending"
"PNB","ok","10.0","11.1","","76.4","47.7","","","","","rebuild_pending"
"BANKBARODA","ok","","","","","","","","29.6","8.0","partial"
"CANBK","ok","5.0","","","20.5","","","","35.4","14.7","partial"
"UNIONBANK","ok","7.7","9.1","","31.7","38.6","","","","","rebuild_pending"
"BANKINDIA","ok","16.3","","","39.8","","","","14.1","","partial"
"IOB","ok","13.7","","","25.7","","","","","","rebuild_pending"
"CENTRALBK","ok","16.7","","","55.0","","","","8.8","","partial"
"IDBI","ok","11.6","","","44.4","","","","14.3","","partial"
"FEDERALBNK","ok","17.1","17.9","","11.1","21.9","","","27.9","","partial"
"RBLBANK","ok","12.1","12.1","","-1.5","","","","","","rebuild_pending"
"IDFCFIRSTB","ok","19.2","21.6","","-13.5","86.8","","","2.9","","partial"
"BANDHANBNK","ok","5.0","","","-17.7","","","","-8.7","","partial"
"AUBANK","ok","38.9","","","21.4","","","","14.4","","partial"
"CUB","ok","6.3","","","13.9","","","","9.1","","partial"
"POWERGRID","ok","2.0","3.5","","1.1","-1.4","","","","","rebuild_pending"
"NTPC","ok","2.5","9.3","","16.9","12.9","","","","","rebuild_pending"
"ONGC","ok","1.7","7.9","","4.1","-2.3","","","","","rebuild_pending"
"COALINDIA","ok","9.7","13.3","","-0.7","19.6","","34.3","35.2","12.3","ok"
"BPCL","ok","-0.8","8.4","","","8.3","","24.9","11.7","12.5","ok"
"IOC","ok","-1.8","7.6","","62.6","13.8","","","","","rebuild_pending"
"HPCL","ERR2","","","","","","","","","",""
"GAIL","ok","-0.9","11.2","","10.5","-11.3","","","13.0","","partial"
"OIL","ERR2","","","","","","","","","",""
"BHEL","ERR2","","","","","","","","","",""
"BEL","ok","14.6","12.3","","30.4","23.9","","","54.3","30.6","partial"
"HAL","ok","7.3","","","18.1","","","","54.9","","partial"
"MAZDOCK","ok","25.1","","","58.1","","","","","","rebuild_pending"
"COCHINSHIP","ok","14.1","6.3","","13.6","5.5","","","55.0","","partial"
"GRSE","ok","42.7","","","40.7","","","","73.2","","partial"
"BEML","ok","-4.0","4.9","","31.5","35.7","","","27.1","","partial"
"RVNL","ok","0.9","","","4.9","","","","","","rebuild_pending"
"RAILTEL","ok","31.0","","","12.8","","","","","","rebuild_pending"
"IRCTC","ok","13.8","29.1","","11.5","20.6","","","","","rebuild_pending"
"CONCOR","ok","2.5","4.9","","6.9","28.0","","","-5.4","","partial"
"TATASTEEL","ok","-1.6","-1.3","","7.2","-28.0","","","","","rebuild_pending"
"JSWSTEEL","ok","3.6","6.1","","75.3","1.9","","","","","rebuild_pending"
"HINDALCO","ok","7.4","9.1","","9.9","-0.6","","","23.8","27.3","partial"
"VEDL","ok","-19.2","-12.6","","18.0","-1.9","","","","","rebuild_pending"
"JINDALSTEL","ok","-6.9","-4.4","","-5.4","-16.0","","","","","rebuild_pending"
"SAIL","ok","-0.3","","","-42.1","","","","","","rebuild_pending"
"NMDC","ok","22.0","5.4","","10.0","-5.7","","","","","rebuild_pending"
"NALCO","ERR2","","","","","","","","","",""
"JSL","ok","6.6","","","-6.6","","","","","","rebuild_pending"
"APLAPOLLO","ok","12.6","30.1","","23.3","50.9","","","23.6","","partial"
"SHREECEM","ok","6.3","9.5","","11.1","-7.0","","","","","rebuild_pending"
"JKCEMENT","ok","13.0","15.0","","32.8","9.6","","","","","rebuild_pending"
"AMBUJACEM","ok","0.9","61.6","","16.1","48.1","","","6.3","8.2","partial"
"RAMCOCEM","ok","3.6","10.9","","30.5","-5.6","","","","","rebuild_pending"
"ACC","ok","4.1","42.3","","34.2","30.6","","","-6.8","","partial"
"DALBHARAT","ok","","7.0","","55.1","23.5","","","0.5","","partial"
"INDIACEM","ERR2","","","","","","","","","",""
"STAR","ok","10.4","12.6","","","","","","","","rebuild_pending"
"PHOENIXLTD","ok","36.9","","","60.7","","","","","","rebuild_pending"
"PRESTIGE","ok","15.6","19.2","","8.3","1.0","","","","","rebuild_pending"
"SUNPHARMA","ok","10.4","10.9","","10.6","36.9","","","","","rebuild_pending"
"DRREDDY","ok","11.0","12.0","","-1.7","17.0","","13.1","5.1","","partial"
"CIPLA","ok","7.2","14.8","","11.5","9.5","","14.2","8.9","","partial"
"DIVISLAB","ok","11.3","8.7","","12.1","5.3","","26.0","10.7","20.5","ok"
"LUPIN","ok","19.1","14.1","","","","","","","","rebuild_pending"
"AUROPHARMA","ok","10.3","16.1","","22.1","2.4","","","9.5","","partial"
"TORNTPHARM","ok","13.3","13.1","","20.2","29.2","","","","","rebuild_pending"
"ZYDUSLIFE","ok","16.5","15.9","","37.0","2.9","","","","","rebuild_pending"
"ALKEM","ok","8.7","15.3","","32.7","6.4","","","12.4","","partial"
"BIOCON","ERR2","","","","","","","","","",""
"GLENMARK","ok","2.6","","","3.6","","","","30.2","","partial"
"MANKIND","ok","16.2","","","11.6","","","","","","rebuild_pending"
"LAURUSLABS","ERR2","","","","","","","","","",""
"IPCALAB","ok","15.8","13.7","","34.3","6.6","","","","","rebuild_pending"
"ABBOTINDIA","ok","9.0","9.0","","17.8","18.1","","","13.4","","partial"
"PFIZER","ok","1.3","-0.9","","5.0","4.2","","","","","rebuild_pending"
"GLAXO","ok","5.8","4.0","","19.3","-11.6","","","11.8","","partial"
"SANOFI","ok","-12.6","","","-19.3","","","","","","rebuild_pending"
"APOLLOHOSP","ok","14.9","19.0","","32.0","70.0","","19.3","20.2","20.2","ok"
"MAXHEALTH","ok","23.1","21.2","","9.3","24.3","","","","","rebuild_pending"
"MEESHO","ok","28.0","","","","","","","","","rebuild_pending"
"SWIGGY","under_review","","","","","","","","","",""
"NUVAMA","ok","27.2","","","79.8","","","","","","rebuild_pending"
"GROWW","ok","","","","","","","","","","rebuild_pending"
"ANGELONE","ok","28.6","35.4","","23.3","41.0","","","","","rebuild_pending"
"MOTILALOFS","ok","20.7","","","24.1","","","","","","rebuild_pending"
"360ONE","ok","20.8","11.9","","20.7","38.2","","","","","rebuild_pending"
"CDSL","ERR2","","","","","","","","","",""
"MCX","ERR2","","","","","","","","","",""
"ETERNAL","ERR2","","","","","","","","","",""
"BSE","ok","58.5","45.7","","73.4","61.5","","","","","rebuild_pending"
"ICICIAMC","ok","28.9","","","29.6","","","","","","rebuild_pending"
"SOLARINDS","ERR2","","","","","","","","","",""
"JIOFIN","ok","","","","","","","","","","rebuild_pending"
"PFC","ok","16.3","9.4","","17.7","16.6","","","","","rebuild_pending"
"POWERINDIA","ERR2","","","","","","","","","",""
"TATACAP","ok","49.1","","","","","","","","","rebuild_pending"
"IRFC","ok","4.9","7.7","","4.4","3.6","","","","","rebuild_pending"
"INDUSTOWER","ok","2.8","","","15.9","","","","","","rebuild_pending"
"GVT&D","ERR2","","","","","","","","","",""
"HDFCAMC","ok","18.3","","","20.9","","","","14.4","","partial"
"UNITDSPR","ok","5.7","6.6","","17.4","22.0","","","","","rebuild_pending"
"INDHOTEL","ok","40.2","","","","","","","37.8","","partial"
"RECLTD","ok","10.2","","","16.5","","","","","","rebuild_pending"
"BHARTIHEXA","ERR2","","","","","","","","","",""
"LTF","ok","20.0","","","35.2","","","","","","rebuild_pending"
"NAM-INDIA","ERR2","","","","","","","","","",""
"BAJAJHFL","ok","35.5","","","45.0","","","","","","rebuild_pending"
"GICRE","ok","3.7","1.1","","11.8","41.9","","","16.1","","partial"
"SBICARD","ok","18.2","","","5.8","","","","","","rebuild_pending"
"HDBFS","ok","14.6","","","5.4","","","","","","rebuild_pending"
"MFSL","ok","15.0","11.2","","-39.5","-24.1","","","","","rebuild_pending"
"SUNDARMFIN","ok","14.8","","","17.0","","","","","","rebuild_pending"
"PATANJALI","ok","12.6","","","17.3","","","","","","rebuild_pending"
"M&MFIN","ok","9.9","","","25.8","","","","","","rebuild_pending"
"RADICO","ok","24.9","20.8","","40.0","23.1","","","","","rebuild_pending"
"PIRAMALFIN","ok","15.9","","","","","","","","","rebuild_pending"
"HUDCO","ok","10.3","8.8","","33.3","23.8","","","38.6","","partial"
"AIIL","ok","47.1","","","85.1","","","","","","rebuild_pending"
"GODFRYPHLP","ok","21.6","24.4","","30.3","36.6","","","52.1","","partial"
"GODREJIND","ERR2","","","","","","","","","",""
"UBL","ok","15.3","","","6.5","","","","","","rebuild_pending"
"POONAWALLA","ok","38.2","","","","","","","","","rebuild_pending"
"IREDA","ok","33.5","","","38.9","","","","","","rebuild_pending"
"TATAINVEST","under_review","","","","","","","","","",""
"LICHSGFIN","ok","11.8","12.0","","24.7","25.1","","","","","rebuild_pending"
"ABSLAMC","ok","9.2","","","11.4","","","","","","rebuild_pending"
"ANANDRATHI","ERR2","","","","","","","","","",""
"STARHEALTH","ok","13.3","13.9","","-3.4","","","","","","rebuild_pending"
"HEXT","ok","13.4","","","15.7","","","","","","rebuild_pending"
"GODIGIT","ok","35.9","","","","","","","","","rebuild_pending"
"PNBHOUSING","ok","11.7","","","32.3","","","","","","rebuild_pending"
"NIACL","ok","5.4","7.6","","10.5","64.1","","","","","rebuild_pending"
"AWL","ok","5.5","","","15.1","","","","","","rebuild_pending"
"CRISIL","ok","","71.5","","91.1","33.4","","","16.7","","partial"
"CAMS","ok","16.0","13.6","","18.6","13.5","","","10.1","","partial"
"SUNTV","ok","4.7","4.9","","-5.5","-3.2","","","","","rebuild_pending"
"CREDITACC","ok","21.4","19.1","","-2.0","42.7","","","11.7","","partial"
"IIFL","ok","12.7","","","-31.7","","","","12.4","","partial"
"INDIANB","ok","13.4","","","39.6","","","","","","rebuild_pending"
"YESBANK","ok","21.6","16.6","","68.4","34.8","","","","","rebuild_pending"
"MAHABANK","ok","18.9","","","68.7","","","","","","rebuild_pending"
"UCOBANK","ok","6.0","","","38.5","","","","","","rebuild_pending"
"KARURVYSYA","ok","18.7","19.2","","31.4","39.0","","","","","rebuild_pending"
"PSB","ok","13.7","","","-0.8","","","","","","rebuild_pending"
"CHOLAHLDNG","ok","30.8","21.7","","28.6","13.3","","","18.7","","partial"
"ADANIENSOL","ok","29.0","94.0","","-4.2","","","","","","rebuild_pending"
"TATAPOWER","ERR2","","","","","","","","","",""
"CGPOWER","ERR2","","","","","","","","","",""
"ENRIN","ok","","","","","","","","","","rebuild_pending"
"HINDPETRO","under_review","","","","","","","","","",""
"NHPC","ok","4.6","","","-5.2","","","","","","rebuild_pending"
"TORNTPOWER","ok","4.5","19.8","","4.5","51.9","","","","","rebuild_pending"
"SUZLON","ok","18.2","","","","","","","","","rebuild_pending"
"NTPCGREEN","ERR2","","","","","","","","","",""
"JSWENERGY","ERR2","","","","","","","","","",""
"ATGL","ERR2","","","","","","","","","",""
"NATIONALUM","ok","5.8","","","21.3","","","","","","rebuild_pending"
"BDL","ok","6.7","1.4","","3.2","0.5","","","49.6","","partial"
"THERMAX","ERR2","","","","","","","","","",""
"NLCINDIA","ok","8.6","","","33.9","","","","","","rebuild_pending"
"HINDCOPPER","ok","4.5","","","7.6","","","","28.7","","partial"
"PETRONET","ok","-9.6","0.5","","5.6","3.3","","","","","rebuild_pending"
"SJVN","ok","8.0","","","-6.1","","","","","","rebuild_pending"
"GUJGASLTD","ok","0.0","","","-3.7","","","","-8.0","","partial"
"IGL","ok","24.7","","","4.6","","","","-8.0","","partial"
"NBCC","ok","15.4","","","34.1","","","","","","rebuild_pending"
"MRPL","ok","10.7","","","-73.3","","","","","","rebuild_pending"
"CESC","ok","9.2","9.8","","4.7","2.5","","","25.5","","partial"
"AEGISLOG","ERR2","","","","","","","","","",""
"IRB","ok","7.4","","","","","","","","","rebuild_pending"
"FACT","ok","-3.5","","","-50.8","","","","48.5","","partial"
"GMDCLTD","ok","1.4","","","15.4","","","","57.9","","partial"
"CASTROLIND","ok","63.9","38.0","","67.4","31.3","","","10.5","","partial"
"KIRLOSENG","ERR2","","","","","","","","","",""
"KPIL","ok","14.8","","","2.7","","","","","","rebuild_pending"
"HINDZINC","ok","5.6","8.0","","9.6","9.5","","","23.7","23.8","partial"
"HYUNDAI","ok","13.5","","","24.8","","","","","","rebuild_pending"
"POLYCAB","ok","26.6","23.9","","28.1","31.0","","","","","rebuild_pending"
"LLOYDSME","ERR2","","","","","","","","","",""
"LODHA","ok","14.3","","","32.0","","","","","","rebuild_pending"
"SRF","ok","1.8","5.8","","-5.3","-0.7","","","","","rebuild_pending"
"UNOMINDA","ERR2","","","","","","","","","",""
"SCHAEFFLER","ok","12.3","","","9.4","","","","","","rebuild_pending"
"LINDEINDIA","ERR2","","","","","","","","","",""
"COROMANDEL","ok","-5.9","3.9","","10.6","14.2","","","18.1","","partial"
"APARINDS","ok","25.8","19.9","","47.3","43.5","","","90.1","","partial"
"TIINDIA","ERR2","","","","","","","","","",""
"PIIND","ok","1.3","6.1","","2.4","11.9","","","","","rebuild_pending"
"SUPREMEIND","ok","7.1","9.8","","3.3","-0.4","","","","","rebuild_pending"
"KEI","ERR2","","","","","","","","","",""
"ASTRAL","ok","8.4","15.6","","4.3","5.6","","","1.8","","partial"
"KALYANKJIL","ok","32.3","","","47.2","","","","","","rebuild_pending"
"AIAENG","ok","5.9","7.3","","19.6","12.4","","","16.2","","partial"
"NAVINFLUOR","ERR2","","","","","","","","","",""
"ENDURANCE","ok","15.3","","","22.0","","","","13.1","","partial"
"SONACOMS","ok","17.4","","","18.5","","","","","","rebuild_pending"
"3MINDIA","ok","10.0","8.3","","20.5","8.1","","","6.6","","partial"
"WELCORP","ok","28.2","","","63.2","","","","","","rebuild_pending"
"EXIDEIND","ok","10.5","","","-43.3","","","","12.6","","partial"
"JSWINFRA","ok","25.8","","","66.1","","","","","","rebuild_pending"
"METROBRAND","ok","23.1","","","18.3","","","","","","rebuild_pending"
"TVSHLTD","ERR2","","","","","","","","","",""
"ZFCVINDIA","ok","14.6","","","48.0","","","","","","rebuild_pending"
"FORCEMOT","ok","35.7","","","","","","","76.3","","partial"
"MSUMI","ok","18.4","","","13.8","","","","","","rebuild_pending"
"TIMKEN","ok","7.7","12.4","","2.0","6.1","","","","","rebuild_pending"
"GESHIP","ok","15.0","","","55.0","","","","36.7","","partial"
"HONAUT","ok","12.5","","","15.6","","","","-3.1","","partial"
"ANANTRAJ","ok","64.6","49.5","","98.0","73.9","","","50.3","","partial"
"BRIGADE","ok","19.6","22.2","","","21.3","","","20.5","","partial"
"KAJARIACER","ok","7.8","","","-7.9","","","","","","rebuild_pending"
"FORTIS","ok","13.7","12.8","","21.0","17.0","","","33.6","","partial"
"ANTHEM","ERR2","","","","","","","","","",""
"AJANTPHARM","ok","11.8","12.1","","8.9","14.5","","","20.3","","partial"
"ASTERDM","ERR2","","","","","","","","","",""
"NH","ok","14.5","","","32.2","","","","","","rebuild_pending"
"JBCHEPHARM","ok","16.8","","","19.6","","","","","","rebuild_pending"
"MEDANTA","ok","18.8","","","34.9","","","","","","rebuild_pending"
"EMCURE","ok","10.6","","","1.0","","","","","","rebuild_pending"
"GLAND","ok","8.4","","","-16.8","","","","-5.4","","partial"
"KIMS","ERR2","","","","","","","","","",""
"LALPATHLAB","ok","5.6","","","12.2","","","","","","rebuild_pending"
"IKS","ok","51.7","","","27.8","","","","","","rebuild_pending"
"WOCKPHARMA","ERR2","","","","","","","","","",""
"NATCOPHARM","ok","32.3","","","","","","","","","rebuild_pending"
"NEULANDLAB","ERR2","","","","","","","","","",""
"ASTRAZEN","ERR2","","","","","","","","","",""
"SAILIFE","ERR2","","","","","","","","","",""
"SAGILITY","ok","14.9","","","93.8","","","","","","rebuild_pending"
"SYNGENE","ok","11.9","","","7.8","","","","","","rebuild_pending"
"GRANULES","ok","6.1","","","6.7","","","","18.5","","partial"
"ERIS","ERR2","","","","","","","","","",""
