symbol,bucket,sector,new_n,old_n,div_gap,new_fys,new_dup_fys,new_missing_fys,new_yoy_spikes,new_period_end_anomalies,new_min_rev,new_max_rev,cov_tier,validator_warnings,fin_http,cov_http,flagged_corruption,flagged_divergence
RELIANCE,top100_diversified,Conglomerate,3,8,5,FY2026|FY2025|FY2024,,,,,901064.0,1057219.0,B,3,200,200,,gap+5
TCS,top100_diversified,IT Services,3,8,5,FY2026|FY2025|FY2024,,,,,240893.0,267021.0,B,2,200,200,,gap+5
INFY,top100_diversified,IT Services,3,8,5,FY2025|FY2024|FY2023,,,,,1821.2,1927.7,B,2,200,200,,gap+5
ITC,top100_diversified,FMCG,3,9,6,FY2026|FY2025|FY2024,,,,,67391.0,78213.3,B,4,200,200,,gap+6
HCLTECH,top100_diversified,IT Services,3,8,5,FY2025|FY2024|FY2023,,,,,101456.0,117055.0,B,2,200,200,,gap+5
BHARTIARTL,top100_diversified,Telecom,3,8,5,FY2026|FY2025|FY2024,,,,,149982.4,210972.8,B,1,200,200,,gap+5
LT,top100_diversified,Capital Goods,3,9,6,FY2026|FY2025|FY2024,,,,,219115.7,284225.2,B,,200,200,,gap+6
MARUTI,top100_diversified,Auto,3,8,5,FY2026|FY2025|FY2024,,,,,136483.8,180350.1,B,3,200,200,,gap+5
WIPRO,top100_diversified,IT Services,3,7,4,FY2025|FY2024|FY2023,,,,,89088.4,90487.6,B,6,200,200,,gap+4
TITAN,top100_diversified,Consumer Discretionary,3,9,6,FY2026|FY2025|FY2024,,,,,50936.0,76797.0,B,4,200,200,,gap+6
ULTRACEMCO,top100_diversified,Cement,3,8,5,FY2026|FY2025|FY2024,,,,,69809.5,88511.5,B,3,200,200,,gap+5
HINDUNILVR,top100_diversified,FMCG,3,9,6,FY2026|FY2025|FY2024,,,,,60573.0,63763.0,B,1,200,200,,gap+6
NESTLEIND,top100_diversified,FMCG,3,4,1,FY2025|FY2023|FY2022,,FY2024,,,14664.9,20077.5,C,2,200,200,gap,
BRITANNIA,top100_diversified,FMCG,3,9,6,FY2026|FY2025|FY2024,,,,,16546.2,18858.2,B,1,200,200,,gap+6
DABUR,top100_diversified,FMCG,3,9,6,FY2026|FY2025|FY2024,,,,,12261.6,13192.6,B,2,200,200,,gap+6
GODREJCP,top100_diversified,FMCG,3,9,6,FY2026|FY2025|FY2024,,,,,13917.1,15100.1,B,3,200,200,,gap+6
PIDILITIND,top100_diversified,Chemicals,3,9,6,FY2026|FY2025|FY2024,,,,,12337.1,14600.8,B,2,200,200,,gap+6
TECHM,top100_diversified,IT Services,3,8,5,FY2026|FY2025|FY2024,,,,,51995.6,56815.4,B,6,200,200,,gap+5
GRASIM,top100_diversified,Cement,3,9,6,FY2026|FY2025|FY2024,,,,,129579.0,175430.7,B,,200,200,,gap+6
EICHERMOT,top100_diversified,Auto,3,9,6,FY2026|FY2025|FY2024,,,,,16234.0,22977.6,B,3,200,200,,gap+6
TATACONSUM,top100_diversified,FMCG,3,9,6,FY2026|FY2025|FY2024,,,,,15098.5,20170.6,B,2,200,200,,gap+6
ASIANPAINT,top100_diversified,Paints,3,9,6,FY2026|FY2025|FY2024,,,,,33797.4,35516.4,B,2,200,200,,gap+6
BAJAJ-AUTO,top100_diversified,Auto,3,9,6,FY2026|FY2025|FY2024,,,,,43782.1,60386.4,B,4,200,200,,gap+6
M&M,top100_diversified,Auto,3,5,2,FY2026|FY2025|FY2024,,,,,135803.0,197792.8,C,1,200,200,,
HEROMOTOCO,top100_diversified,Auto,3,9,6,FY2026|FY2025|FY2024,,,,,37599.0,47411.2,B,3,200,200,,gap+6
TATAMOTORS,top100_diversified,Auto,0,0,0,,,,,,,,C,,200,200,,
BAJFINANCE,top100_diversified,NBFC,3,6,3,FY2026|FY2025|FY2024,,,,,34326.3,49665.4,B,2,200,200,,gap+3
BAJAJFINSV,top100_diversified,NBFC,3,7,4,FY2026|FY2025|FY2024,,,,,99880.1,127897.2,B,4,200,200,,gap+4
BAJAJHLDNG,top100_diversified,Holding,3,8,5,FY2026|FY2025|FY2024,,,,,6961.5,10250.8,B,2,200,200,,gap+5
HDFCLIFE,top100_diversified,Insurance,3,5,2,FY2026|FY2025|FY2024,,,,,95823.3,99404.0,C,4,200,200,,
SBILIFE,top100_diversified,Insurance,3,5,2,FY2026|FY2025|FY2024,,,,,112291.1,130925.6,C,5,200,200,,
ICICIPRULI,top100_diversified,Insurance,3,5,2,FY2026|FY2025|FY2024,,,,,63296.6,89136.4,C,5,200,200,,
ICICIGI,top100_diversified,Insurance,3,5,2,FY2026|FY2025|FY2024,,,,,21768.1,28140.8,C,2,200,200,,
LICI,top100_diversified,Insurance,3,5,2,FY2026|FY2025|FY2024,,,,,849030.9,978578.5,C,5,200,200,,
ADANIPORTS,top100_diversified,Infrastructure,3,9,6,FY2026|FY2025|FY2024,,,,,26710.6,38735.8,B,4,200,200,,gap+6
ADANIENT,top100_diversified,Conglomerate,3,9,6,FY2026|FY2025|FY2024,,,,,96316.1,100267.0,B,1,200,200,,gap+6
ADANIGREEN,top100_diversified,Utilities,3,8,5,FY2025|FY2024|FY2024,FY2024,,,,9220.0,11212.0,B,,200,200,dup,gap+5
ADANIPOWER,top100_diversified,Utilities,3,9,6,FY2026|FY2025|FY2024,,,,,50051.1,56131.8,B,3,200,200,,gap+6
DLF,top100_diversified,Realty,3,8,5,FY2026|FY2025|FY2024,,,,,6249.2,8194.0,B,2,200,200,,gap+5
GODREJPROP,top100_diversified,Realty,3,9,6,FY2026|FY2025|FY2024,,,FY2024->FY2025:+69%,,2921.4,5131.4,B,2,200,200,yoy_spike,gap+6
OBEROIRLTY,top100_diversified,Realty,3,8,5,FY2026|FY2025|FY2024,,,,,4479.5,6009.1,B,2,200,200,,gap+5
TRENT,top100_diversified,Retail,3,9,6,FY2026|FY2025|FY2024,,,,,12205.3,19850.1,B,3,200,200,,gap+6
DMART,top100_diversified,Retail,3,9,6,FY2025|FY2024|FY2024,FY2024,,,,50788.8,59233.2,B,3,200,200,dup,gap+6
ZOMATO,top100_diversified,Internet,0,0,0,,,,,,,,C,,200,200,,
PAYTM,top100_diversified,Internet,3,5,2,FY2025|FY2024|FY2023,,,,,6740.8,9869.9,B,,200,200,,
NYKAA,top100_diversified,Internet,3,5,2,FY2026|FY2025|FY2024,,,,,6340.0,10022.4,B,3,200,200,,
POLICYBZR,top100_diversified,Internet,3,5,2,FY2025|FY2024|FY2023,,,,,2557.8,4977.2,B,3,200,200,,
INDIGO,top100_diversified,Aviation,3,8,5,FY2026|FY2025|FY2024,,,,,67386.8,84961.9,B,,200,200,,gap+5
LTIM,top100_diversified,IT Services,3,5,2,FY2026|FY2025|FY2024,,,,,35517.0,42307.6,C,,200,200,,
MPHASIS,top100_diversified,IT Services,3,8,5,FY2025|FY2024|FY2023,,,,,13278.5,14230.0,B,5,200,200,,gap+5
COFORGE,top100_diversified,IT Services,3,10,7,FY2026|FY2025|FY2024,,,,,9008.9,16402.7,B,5,200,200,,gap+7
PERSISTENT,top100_diversified,IT Services,3,8,5,FY2026|FY2025|FY2024,,,,,9821.6,14748.5,B,5,200,200,,gap+5
KPITTECH,top100_diversified,IT Services,3,8,5,FY2025|FY2024|FY2023,,,,,3365.0,5842.4,B,4,200,200,,gap+5
TATAELXSI,top100_diversified,IT Services,3,7,4,FY2026|FY2025|FY2024,,,,,3552.2,3757.4,B,2,200,200,,gap+4
OFSS,top100_diversified,IT Services,3,9,6,FY2026|FY2025|FY2024,,,,,6373.0,7672.1,B,3,200,200,,gap+6
LTTS,top100_diversified,IT Services,3,9,6,FY2025|FY2024|FY2023,,,,,8815.5,10670.1,B,,200,200,,gap+6
HAVELLS,top100_diversified,Consumer Durables,3,9,6,FY2026|FY2025|FY2024,,,,,18473.3,22288.1,B,2,200,200,,gap+6
VOLTAS,top100_diversified,Consumer Durables,3,9,6,FY2026|FY2025|FY2024,,,,,12407.4,15320.5,B,,200,200,,gap+6
BLUESTARCO,top100_diversified,Consumer Durables,3,9,6,FY2025|FY2024|FY2024,FY2024,,,,9685.4,11852.7,B,,200,200,dup,gap+6
CROMPTON,top100_diversified,Consumer Durables,3,9,6,FY2025|FY2024|FY2024,FY2024,,,,7312.8,7826.7,B,,200,200,dup,gap+6
WHIRLPOOL,top100_diversified,Consumer Durables,3,9,6,FY2026|FY2025|FY2024,,,,,6828.6,8034.2,B,,200,200,,gap+6
DIXON,top100_diversified,Electronics Mfg,3,8,5,FY2026|FY2025|FY2024,,,FY2024->FY2025:+121%,,17613.9,48872.8,B,3,200,200,yoy_spike,gap+5
AMBER,top100_diversified,Electronics Mfg,3,9,6,FY2026|FY2025|FY2024,,,FY2024->FY2025:+53%,,6530.8,12186.5,B,,200,200,yoy_spike,gap+6
SIEMENS,top100_diversified,Capital Goods,3,8,5,FY2026|FY2025|FY2024,,,,,15145.7,19279.2,B,3,200,200,,gap+5
ABB,top100_diversified,Capital Goods,3,8,5,FY2026|FY2025|FY2024,,,FY2024->FY2025:+292%,,3080.4,13065.3,B,3,200,200,yoy_spike,gap+5
BOSCHLTD,top100_diversified,Auto Ancillary,3,9,6,FY2026|FY2025|FY2024,,,,,16378.9,20034.7,B,2,200,200,,gap+6
CUMMINSIND,top100_diversified,Capital Goods,3,9,6,FY2026|FY2025|FY2024,,,,,8860.0,11949.7,B,3,200,200,,gap+6
BHARATFORG,top100_diversified,Auto Ancillary,3,8,5,FY2025|FY2024|FY2024,FY2024,,,,14529.9,15682.1,B,,200,200,dup,gap+5
MOTHERSON,top100_diversified,Auto Ancillary,3,8,5,FY2025|FY2024|FY2023,,,,,77870.7,112540.9,B,3,200,200,,gap+5
BALKRISIND,top100_diversified,Auto Ancillary,3,9,6,FY2025|FY2024|FY2024,FY2024,,,,9368.9,10357.2,B,3,200,200,dup,gap+6
MRF,top100_diversified,Auto Ancillary,3,8,5,FY2025|FY2024|FY2023,,,,,22850.6,27975.0,B,,200,200,,gap+5
APOLLOTYRE,top100_diversified,Auto Ancillary,3,9,6,FY2026|FY2025|FY2024,,,,,25020.4,28470.6,B,2,200,200,,gap+6
ESCORTS,top100_diversified,Auto,3,8,5,FY2025|FY2024|FY2023,,,,,8281.2,10109.7,B,1,200,200,,gap+5
ASHOKLEY,top100_diversified,Auto,3,7,4,FY2026|FY2025|FY2024,,,,,45517.3,56076.0,B,,200,200,,gap+4
TVSMOTOR,top100_diversified,Auto,3,9,6,FY2026|FY2025|FY2024,,,,,32668.5,56069.5,B,,200,200,,gap+6
PAGEIND,top100_diversified,Apparel,3,9,6,FY2026|FY2025|FY2024,,,,,4547.1,5246.8,B,2,200,200,,gap+6
VBL,top100_diversified,FMCG,3,8,5,FY2026|FY2025|FY2024,,,,,15621.7,20834.6,B,3,200,200,,gap+5
COLPAL,top100_diversified,FMCG,3,9,6,FY2026|FY2025|FY2024,,,,,5644.2,5999.2,B,1,200,200,,gap+6
MARICO,top100_diversified,FMCG,3,9,6,FY2026|FY2025|FY2024,,,,,9573.0,13611.0,B,1,200,200,,gap+6
EMAMILTD,top100_diversified,FMCG,3,8,5,FY2025|FY2024|FY2024,FY2024,,,,3578.1,3765.1,B,2,200,200,dup,gap+5
GILLETTE,top100_diversified,FMCG,3,6,3,FY2025|FY2024|FY2023,,,,,2256.2,2633.1,C,1,200,200,,gap+3
PGHH,top100_diversified,FMCG,3,7,4,FY2025|FY2024|FY2023,,,,,3792.4,4191.6,B,,200,200,,gap+4
JUBLFOOD,top100_diversified,QSR,3,8,5,FY2026|FY2025|FY2024,,,,,5588.1,9512.5,B,3,200,200,,gap+5
DEVYANI,top100_diversified,QSR,3,5,2,FY2025|FY2024|FY2024,FY2024,,,,3556.3,4920.6,B,2,200,200,dup,
SAPPHIRE,top100_diversified,QSR,3,5,2,FY2025|FY2024|FY2023,,,,,2257.1,2875.4,C,2,200,200,,
WESTLIFE,top100_diversified,QSR,3,5,2,FY2025|FY2024|FY2023,,,,,2259.4,2474.1,C,,200,200,,
BERGEPAINT,top100_diversified,Paints,3,9,6,FY2026|FY2025|FY2024,,,,,11100.2,11880.2,B,3,200,200,,gap+6
AKZOINDIA,top100_diversified,Paints,3,5,2,FY2026|FY2025|FY2024,,,,,3599.2,4069.3,C,1,200,200,,
KANSAINER,top100_diversified,Paints,3,9,6,FY2026|FY2025|FY2024,,,,,7768.5,8051.9,B,1,200,200,,gap+6
INDIGOPNTS,top100_diversified,Paints,3,5,2,FY2025|FY2024|FY2023,,,,,1068.3,1334.5,C,3,200,200,,
PRAJIND,top100_diversified,Capital Goods,3,8,5,FY2025|FY2024|FY2023,,,,,3188.8,3462.8,C,3,200,200,,gap+5
ABCAPITAL,top100_diversified,NBFC,3,8,5,FY2025|FY2024|FY2024,FY2024,,,,40627.4,43149.0,B,,200,200,dup,gap+5
MUTHOOTFIN,top100_diversified,NBFC,3,9,6,FY2026|FY2025|FY2024,,,FY2025->FY2026:+58%,,9656.4,20263.8,B,4,200,200,yoy_spike,gap+6
MANAPPURAM,top100_diversified,NBFC,3,7,4,FY2026|FY2025|FY2024,,,,,5660.2,6409.1,B,2,200,200,,gap+4
CHOLAFIN,top100_diversified,NBFC,3,9,6,FY2026|FY2025|FY2024,,,,,9938.9,17154.6,B,4,200,200,,gap+6
SHRIRAMFIN,top100_diversified,NBFC,3,7,4,FY2025|FY2024|FY2023,,,,,16931.0,22188.2,B,4,200,200,,gap+4
L&TFH,top100_diversified,NBFC,0,0,0,,,,,,,,C,8,200,200,,
UPL,top100_diversified,Chemicals,3,8,5,FY2025|FY2024|FY2023,,,,,42599.0,53134.0,B,,200,200,,gap+5
PEL,top100_diversified,Diversified,0,7,7,,,,,,,,C,,200,200,,gap+7
NAUKRI,top100_diversified,Internet,3,8,5,FY2025|FY2024|FY2023,,,,,2345.7,2849.6,B,1,200,200,,gap+5
HDFCBANK,banks,Banks,3,6,3,FY2025|FY2024|FY2023,,,FY2023->FY2024:+65%,,120537.5,237150.8,B,2,200,200,yoy_spike,gap+3
ICICIBANK,banks,Banks,3,8,5,FY2026|FY2025|FY2024,,,,,153382.0,223089.8,B,2,200,200,,gap+5
SBIN,banks,Banks,3,8,5,FY2026|FY2025|FY2024,,,,,323613.5,381709.2,B,3,200,200,,gap+5
KOTAKBANK,banks,Banks,3,8,5,FY2026|FY2025|FY2024,,,,,69669.6,78015.4,B,2,200,200,,gap+5
AXISBANK,banks,Banks,3,8,5,FY2026|FY2025|FY2024,,,,,76603.0,88137.0,B,2,200,200,,gap+5
INDUSINDBK,banks,Banks,3,6,3,FY2026|FY2025|FY2024,,,,,25211.4,29465.4,B,5,200,200,,gap+3
PNB,banks,Banks,3,8,5,FY2026|FY2025|FY2024,,,,,55260.5,62620.0,B,3,200,200,,gap+5
BANKBARODA,banks,Banks,3,7,4,FY2026|FY2025|FY2024,,,,,67901.3,74870.2,B,2,200,200,,gap+4
CANBK,banks,Banks,3,7,4,FY2026|FY2025|FY2024,,,,,64175.3,71193.8,B,3,200,200,,gap+4
UNIONBANK,banks,Banks,3,9,6,FY2026|FY2025|FY2024,,,,,55177.7,59245.9,B,2,200,200,,gap+6
BANKINDIA,banks,Banks,3,7,4,FY2025|FY2024|FY2024,FY2024,,,,29449.1,33897.3,B,2,200,200,dup,gap+4
IOB,banks,Banks,3,8,5,FY2025|FY2024|FY2023,,,,,12375.5,16504.0,B,2,200,200,,gap+5
CENTRALBK,banks,Banks,3,7,4,FY2025|FY2024|FY2024,FY2024,,,,17694.3,19862.7,B,2,200,200,dup,gap+4
IDBI,banks,Banks,3,7,4,FY2025|FY2024|FY2023,,,,,14998.1,17993.7,B,3,200,200,,gap+4
FEDERALBNK,banks,Banks,3,9,6,FY2026|FY2025|FY2024,,,,,12130.1,16500.9,B,1,200,200,,gap+6
RBLBANK,banks,Banks,3,8,5,FY2026|FY2025|FY2024,,,,,8972.1,10489.3,B,4,200,200,,gap+5
IDFCFIRSTB,banks,Banks,3,7,4,FY2026|FY2025|FY2024,,,,,22479.7,29089.3,B,1,200,200,,gap+4
BANDHANBNK,banks,Banks,3,7,4,FY2026|FY2025|FY2024,,,,,12485.9,14457.2,B,4,200,200,,gap+4
AUBANK,banks,Banks,3,8,5,FY2025|FY2024|FY2024,FY2024,,FY2024->FY2025:+54%,,6855.6,10541.5,B,3,200,200,dup|yoy_spike,gap+5
CUB,banks,Banks,3,8,5,FY2025|FY2024|FY2024,FY2024,,,,2865.1,3213.7,B,4,200,200,dup,gap+5
POWERGRID,psu_utilities,Utilities,3,9,6,FY2026|FY2025|FY2024,,,,,44202.8,46732.9,B,2,200,200,,gap+6
NTPC,psu_utilities,Utilities,3,9,6,FY2026|FY2025|FY2024,,,,,176719.6,188138.1,B,3,200,200,,gap+6
ONGC,psu_utilities,Oil & Gas,3,9,6,FY2026|FY2025|FY2024,,,,,598644.2,663260.6,B,2,200,200,,gap+6
COALINDIA,psu_utilities,Mining,3,9,6,FY2026|FY2025|FY2024,,,,,127074.4,169177.4,B,2,200,200,,gap+6
BPCL,psu_utilities,Oil & Gas,3,8,5,FY2026|FY2025|FY2024,,,,,440271.9,455228.0,B,1,200,200,,gap+5
IOC,psu_utilities,Oil & Gas,3,9,6,FY2026|FY2025|FY2024,,,,,758105.8,784415.4,B,,200,200,,gap+6
HPCL,psu_utilities,Oil & Gas,0,0,0,,,,,,,,C,,200,200,,
GAIL,psu_utilities,Oil & Gas,3,9,6,FY2026|FY2025|FY2024,,,,,132858.6,141901.7,B,2,200,200,,gap+6
OIL,psu_utilities,Oil & Gas,3,9,6,FY2025|FY2024|FY2023,,,,,32465.8,36083.9,B,,200,200,,gap+6
BHEL,psu_utilities,Capital Goods,3,9,6,FY2025|FY2024|FY2024,FY2024,,,,23892.8,27355.2,B,,200,200,dup,gap+6
BEL,psu_utilities,Defence,3,9,6,FY2025|FY2024|FY2024,FY2024,,,,20268.2,23117.3,B,4,200,200,dup,gap+6
HAL,psu_utilities,Defence,3,8,5,FY2025|FY2024|FY2023,,,,,26360.6,30104.7,B,2,200,200,,gap+5
MAZDOCK,psu_utilities,Defence,3,6,3,FY2025|FY2024|FY2023,,,,,7584.0,11196.0,B,2,200,200,,gap+3
COCHINSHIP,psu_utilities,Defence,3,10,7,FY2025|FY2024|FY2024,FY2024,,,,3830.5,4639.4,B,3,200,200,dup,gap+7
GRSE,psu_utilities,Defence,3,7,4,FY2025|FY2024|FY2023,,,,,2547.8,5071.0,B,4,200,200,,gap+4
BEML,psu_utilities,Capital Goods,3,8,5,FY2025|FY2024|FY2024,FY2024,,,,3839.2,4054.3,B,3,200,200,dup,gap+5
RVNL,psu_utilities,Infrastructure,3,8,5,FY2025|FY2024|FY2023,,,,,19923.0,21878.5,B,3,200,200,,gap+5
RAILTEL,psu_utilities,Telecom,3,5,2,FY2025|FY2024|FY2023,,,,,1951.4,3465.9,B,,200,200,,
IRCTC,psu_utilities,Services,3,6,3,FY2026|FY2025|FY2024,,,,,4259.8,5214.9,B,2,200,200,,gap+3
CONCOR,psu_utilities,Logistics,3,8,5,FY2025|FY2024|FY2024,FY2024,,,,8211.9,8653.4,B,2,200,200,dup,gap+5
TATASTEEL,cyclicals,Metals,3,8,5,FY2026|FY2025|FY2024,,,,,216840.4,230293.5,B,,200,200,,gap+5
JSWSTEEL,cyclicals,Metals,3,9,6,FY2026|FY2025|FY2024,,,,,166575.0,182037.0,B,1,200,200,,gap+6
HINDALCO,cyclicals,Metals,3,9,6,FY2026|FY2025|FY2024,,,,,214807.0,274944.0,B,2,200,200,,gap+6
VEDL,cyclicals,Metals,3,9,6,FY2026|FY2025|FY2024,,,FY2024->FY2025:-57%,,61605.0,141793.0,B,3,200,200,yoy_spike,gap+6
JINDALSTEL,cyclicals,Metals,3,9,6,FY2026|FY2025|FY2024,,,,,41923.0,53454.8,B,,200,200,,gap+6
SAIL,cyclicals,Metals,3,9,6,FY2025|FY2024|FY2023,,,,,101740.3,104567.7,B,,200,200,,gap+6
NMDC,cyclicals,Mining,3,8,5,FY2026|FY2025|FY2024,,,,,21301.2,32070.9,B,1,200,200,,gap+5
NALCO,cyclicals,Metals,0,0,0,,,,,,,,C,,200,200,,
JSL,cyclicals,Metals,3,7,4,FY2025|FY2024|FY2023,,,,,35574.1,39190.5,B,,200,200,,gap+4
APLAPOLLO,cyclicals,Metals,3,10,7,FY2026|FY2025|FY2024,,,,,17507.0,22383.6,B,3,200,200,,gap+7
SHREECEM,cyclicals,Cement,3,8,5,FY2026|FY2025|FY2024,,,,,19282.8,20943.5,B,2,200,200,,gap+5
JKCEMENT,cyclicals,Cement,3,9,6,FY2026|FY2025|FY2024,,,,,11202.5,13722.3,B,1,200,200,,gap+6
AMBUJACEM,cyclicals,Cement,3,9,6,FY2026|FY2025|FY2024,,,,,32529.8,39969.4,B,3,200,200,,gap+6
RAMCOCEM,cyclicals,Cement,3,9,6,FY2026|FY2025|FY2024,,,,,8518.4,9348.7,B,1,200,200,,gap+6
ACC,cyclicals,Cement,3,9,6,FY2026|FY2025|FY2024,,,,,19573.6,25045.4,B,,200,200,,gap+6
DALBHARAT,cyclicals,Cement,3,8,5,FY2025|FY2024|FY2024,FY2024,,,,13568.0,14691.0,B,1,200,200,dup,gap+5
INDIACEM,cyclicals,Cement,3,8,5,FY2025|FY2024|FY2023,,,,,4148.8,5600.1,B,,200,200,,gap+5
STAR,cyclicals,Cement,3,9,6,FY2026|FY2025|FY2024,,,,,3730.0,4858.7,B,1,200,200,,gap+6
PHOENIXLTD,cyclicals,Realty,3,9,6,FY2025|FY2024|FY2023,,,,,2601.2,3899.1,B,1,200,200,,gap+6
PRESTIGE,cyclicals,Realty,3,9,6,FY2026|FY2025|FY2024,,,FY2025->FY2026:+73%,,7349.4,12685.4,B,2,200,200,yoy_spike,gap+6
SUNPHARMA,pharma,Pharma,3,9,6,FY2026|FY2025|FY2024,,,,,47758.4,58220.1,B,4,200,200,,gap+6
DRREDDY,pharma,Pharma,3,9,6,FY2026|FY2025|FY2024,,,,,27916.4,33593.3,B,2,200,200,,gap+6
CIPLA,pharma,Pharma,3,9,6,FY2026|FY2025|FY2024,,,,,25446.6,27711.7,B,1,200,200,,gap+6
DIVISLAB,pharma,Pharma,3,9,6,FY2026|FY2025|FY2024,,,,,7796.0,10560.0,B,4,200,200,,gap+6
LUPIN,pharma,Pharma,3,9,6,FY2026|FY2025|FY2024,,,,,19656.3,27487.5,B,1,200,200,,gap+6
AUROPHARMA,pharma,Pharma,3,8,5,FY2026|FY2025|FY2024,,,,,28704.5,33384.7,B,,200,200,,gap+5
TORNTPHARM,pharma,Pharma,3,9,6,FY2026|FY2025|FY2024,,,,,10562.3,13753.0,B,4,200,200,,gap+6
ZYDUSLIFE,pharma,Pharma,3,9,6,FY2026|FY2025|FY2024,,,,,19021.5,26719.7,B,2,200,200,,gap+6
ALKEM,pharma,Pharma,3,9,6,FY2026|FY2025|FY2024,,,,,12439.2,14712.3,B,,200,200,,gap+6
BIOCON,pharma,Pharma,3,8,5,FY2026|FY2025|FY2024,,,,,14195.8,16779.9,B,,200,200,,gap+5
GLENMARK,pharma,Pharma,3,8,5,FY2025|FY2024|FY2023,,,,,11431.9,13145.8,B,2,200,200,,gap+5
MANKIND,pharma,Pharma,3,5,2,FY2025|FY2024|FY2023,,,,,8749.4,12207.4,B,5,200,200,,
LAURUSLABS,pharma,Pharma,3,8,5,FY2025|FY2024|FY2023,,,,,5001.8,6014.2,B,,200,200,,gap+5
IPCALAB,pharma,Pharma,3,9,6,FY2026|FY2025|FY2024,,,,,7622.4,9646.3,B,3,200,200,,gap+6
ABBOTINDIA,pharma,Pharma,3,5,2,FY2026|FY2025|FY2024,,,,,5847.2,6929.1,C,3,200,200,,
PFIZER,pharma,Pharma,3,9,6,FY2026|FY2025|FY2024,,,,,2192.7,2519.7,B,2,200,200,,gap+6
GLAXO,pharma,Pharma,3,9,6,FY2026|FY2025|FY2024,,,,,3441.8,3821.7,B,2,200,200,,gap+6
SANOFI,pharma,Pharma,3,8,5,FY2026|FY2025|FY2024,,,,,1823.4,1989.0,C,3,200,200,,gap+5
APOLLOHOSP,pharma,Healthcare,3,9,6,FY2026|FY2025|FY2024,,,,,18862.3,25228.5,B,4,200,200,,gap+6
MAXHEALTH,pharma,Healthcare,3,6,3,FY2026|FY2025|FY2024,,,,,5309.5,8373.5,B,4,200,200,,gap+3
MEESHO,platform,Internet Platform,3,4,1,FY2025|FY2024|FY2023,,,,,5734.5,9389.9,C,3,200,200,,
SWIGGY,platform,Internet Platform,3,5,2,FY2025|FY2024|FY2023,,,,,8138.5,15046.1,C,1,200,200,,
NUVAMA,platform,Fintech,3,4,1,FY2025|FY2024|FY2023,,,,,1323.0,2139.5,C,3,200,200,,
GROWW,platform,Fintech,3,4,1,FY2026|FY2025|FY2024,,,,,3901.7,4644.6,C,2,200,200,,
ANGELONE,platform,Fintech,3,6,3,FY2025|FY2024|FY2024,FY2024,,,,4247.6,4271.7,B,2,200,200,dup,gap+3
MOTILALOFS,platform,Fintech,3,7,4,FY2025|FY2024|FY2023,,,,,3818.9,6441.8,B,2,200,200,,gap+4
360ONE,platform,Fintech,3,6,3,FY2025|FY2024|FY2024,FY2024,,,,2507.0,2635.3,B,2,200,200,dup,gap+3
CDSL,platform,Fintech,3,8,5,FY2026|FY2025|FY2024,,,,,812.3,1144.9,B,,200,200,,gap+5
MCX,platform,Fintech,3,5,2,FY2025|FY2024|FY2023,,,FY2024->FY2025:+70%,,447.7,994.5,C,,200,200,yoy_spike,
ETERNAL,top100_diversified,Consumer Cyclical,3,5,2,FY2026|FY2025|FY2024,,,FY2024->FY2025:+67%|FY2025->FY2026:+169%,,12114.0,54364.0,B,,200,200,yoy_spike,
BSE,top100_diversified,Capital Markets,3,8,5,FY2025|FY2024|FY2024,FY2024,,FY2024->FY2025:+113%,,1390.0,2957.3,B,2,200,200,dup|yoy_spike,gap+5
ICICIAMC,top100_diversified,Asset Management,3,4,1,FY2026|FY2025|FY2024,,,,,3375.9,5764.6,C,4,200,200,,
SOLARINDS,top100_diversified,Specialty Chemicals,3,8,5,FY2025|FY2024|FY2023,,,,,5909.0,7360.1,B,,200,200,,gap+5
JIOFIN,top100_diversified,NBFC,3,5,2,FY2025|FY2024|FY2023,,,FY2023->FY2024:+5424%,,21.2,1347.4,B,1,200,200,yoy_spike,
PFC,top100_diversified,NBFC - Power,3,7,4,FY2026|FY2025|FY2024,,,,,33566.4,43236.6,B,3,200,200,,gap+4
POWERINDIA,top100_diversified,Capital Goods,3,6,3,FY2025|FY2024|FY2023,,,,,4334.5,6224.1,B,,200,200,,gap+3
TATACAP,top100_diversified,NBFC,3,4,1,FY2025|FY2024|FY2023,,,FY2024->FY2025:+59%,,12218.6,27167.8,C,1,200,200,yoy_spike,
IRFC,top100_diversified,NBFC - Infra,3,6,3,FY2026|FY2025|FY2024,,,,,26530.4,27265.8,B,4,200,200,,gap+3
INDUSTOWER,top100_diversified,Telecom Services,3,8,5,FY2025|FY2024|FY2023,,,,,28381.8,30122.8,B,,200,200,,gap+5
GVT&D,top100_diversified,Capital Goods,3,5,2,FY2025|FY2024|FY2023,,,,,2749.0,4290.0,C,,200,200,,
HDFCAMC,top100_diversified,Asset Management,3,8,5,FY2025|FY2024|FY2023,,,,,2166.8,3498.4,B,4,200,200,,gap+5
UNITDSPR,top100_diversified,FMCG - Alcohol,3,9,6,FY2026|FY2025|FY2024,,,,,11259.0,12467.0,B,2,200,200,,gap+6
INDHOTEL,top100_diversified,Hotels,3,9,6,FY2025|FY2024|FY2023,,,,,5582.1,8041.2,B,3,200,200,,gap+6
RECLTD,top100_diversified,NBFC - Power,3,8,5,FY2025|FY2024|FY2023,,,,,14600.9,21900.0,B,3,200,200,,gap+5
BHARTIHEXA,top100_diversified,Telecom Services,3,5,2,FY2025|FY2024|FY2024,FY2024,,,,7088.8,8547.9,B,,200,200,dup,
LTF,top100_diversified,NBFC,3,7,4,FY2025|FY2024|FY2023,,,,,6521.3,9669.2,B,,200,200,,gap+4
NAM-INDIA,top100_diversified,Asset Management,3,8,5,FY2025|FY2024|FY2023,,,,,1349.8,2230.7,B,,200,200,,gap+5
BAJAJHFL,top100_diversified,Mortgage Finance,3,5,2,FY2025|FY2024|FY2023,,,,,5481.5,9179.5,C,2,200,200,,
GICRE,top100_diversified,Insurance,3,5,2,FY2026|FY2025|FY2024,,,,,46549.6,53855.1,C,3,200,200,,
SBICARD,top100_diversified,NBFC - Cards,3,7,4,FY2025|FY2024|FY2023,,,,,10677.6,14267.9,B,2,200,200,,gap+4
HDBFS,top100_diversified,NBFC,3,4,1,FY2025|FY2024|FY2023,,,,,12243.9,16079.6,C,1,200,200,,
MFSL,top100_diversified,Insurance Holding,3,8,5,FY2026|FY2025|FY2024,,,,,46470.3,47675.3,B,4,200,200,,gap+5
SUNDARMFIN,top100_diversified,NBFC,3,6,3,FY2025|FY2024|FY2023,,,,,2952.6,4214.1,B,3,200,200,,gap+3
PATANJALI,top100_diversified,FMCG,3,6,3,FY2025|FY2024|FY2023,,,,,31267.7,34138.2,B,1,200,200,,gap+3
M&MFIN,top100_diversified,NBFC,3,5,2,FY2025|FY2024|FY2023,,,,,7394.1,9065.5,C,2,200,200,,
RADICO,top100_diversified,FMCG - Alcohol,3,9,6,FY2026|FY2025|FY2024,,,,,4098.2,6050.4,B,3,200,200,,gap+6
PIRAMALFIN,top100_diversified,NBFC,3,5,2,FY2025|FY2024|FY2023,,,,,6498.6,7093.7,C,3,200,200,,
HUDCO,top100_diversified,NBFC - Housing,3,7,4,FY2026|FY2025|FY2024,,,,,2976.5,3598.3,B,3,200,200,,gap+4
AIIL,top100_diversified,Capital Markets,3,5,2,FY2025|FY2024|FY2024,FY2024,,,,2844.9,4376.5,B,,200,200,dup,
GODFRYPHLP,top100_diversified,FMCG - Tobacco,3,9,6,FY2026|FY2025|FY2024,,,,,3969.0,6352.6,B,1,200,200,,gap+6
GODREJIND,top100_diversified,Conglomerate,3,9,6,FY2025|FY2024|FY2023,,,,,16545.5,19592.9,B,,200,200,,gap+6
UBL,top100_diversified,FMCG - Alcohol,3,9,6,FY2025|FY2024|FY2023,,,,,7330.6,8593.1,B,3,200,200,,gap+6
POONAWALLA,top100_diversified,NBFC,3,7,4,FY2025|FY2024|FY2023,,,FY2023->FY2024:+58%,,1871.7,4000.5,B,2,200,200,yoy_spike,gap+4
IREDA,top100_diversified,NBFC - Renewables,3,4,1,FY2025|FY2024|FY2023,,,,,3342.9,6618.6,C,2,200,200,,
TATAINVEST,top100_diversified,Holding Co,3,8,5,FY2025|FY2024|FY2023,,,,,305.2,439.9,B,3,200,200,,gap+5
LICHSGFIN,top100_diversified,Mortgage Finance,3,7,4,FY2026|FY2025|FY2024,,,,,8430.4,8913.6,B,4,200,200,,gap+4
ABSLAMC,top100_diversified,Asset Management,3,5,2,FY2025|FY2024|FY2024,FY2024,,,,1353.2,1684.8,B,2,200,200,dup,
ANANDRATHI,top100_diversified,Capital Markets,3,5,2,FY2026|FY2025|FY2024,,,,,724.3,1148.8,B,,200,200,,
STARHEALTH,top100_diversified,Insurance,3,5,2,FY2026|FY2025|FY2024,,,,,14413.3,17826.0,C,3,200,200,,
HEXT,top100_diversified,IT Services,3,4,1,FY2026|FY2025|FY2024,,,,,10380.3,13430.4,C,2,200,200,,
GODIGIT,top100_diversified,Insurance,3,5,2,FY2025|FY2024|FY2023,,,,,5997.7,9715.5,C,2,200,200,,
PNBHOUSING,top100_diversified,Mortgage Finance,3,6,3,FY2025|FY2024|FY2023,,,,,2541.1,2962.1,B,1,200,200,,gap+3
NIACL,top100_diversified,Insurance,3,5,2,FY2026|FY2025|FY2024,,,,,43467.8,48934.5,C,3,200,200,,
AWL,top100_diversified,FMCG - Foods,3,5,2,FY2025|FY2024|FY2024,FY2024,,,,51261.6,63567.2,B,,200,200,dup,
CRISIL,top100_diversified,Financial Data,3,8,5,FY2026|FY2025|FY2024,,,FY2024->FY2025:+342%,,737.7,3649.0,B,1,200,200,yoy_spike,gap+5
CAMS,top100_diversified,IT Services,3,5,2,FY2026|FY2025|FY2024,,,,,1136.5,1516.2,B,2,200,200,,
SUNTV,top100_diversified,Media,3,8,5,FY2026|FY2025|FY2024,,,,,4019.9,4334.8,B,,200,200,,gap+5
CREDITACC,top100_diversified,NBFC - MFI,3,7,4,FY2026|FY2025|FY2024,,,,,4905.0,5898.5,B,4,200,200,,gap+4
IIFL,top100_diversified,NBFC,3,8,5,FY2025|FY2024|FY2023,,,,,5205.1,6269.9,B,2,200,200,,gap+5
INDIANB,banks,PSU Bank,3,8,5,FY2025|FY2024|FY2023,,,,,28072.2,35222.9,B,4,200,200,,gap+5
YESBANK,banks,Private Bank,3,8,5,FY2026|FY2025|FY2024,,,,,13978.3,16842.5,B,2,200,200,,gap+5
MAHABANK,banks,PSU Bank,3,7,4,FY2025|FY2024|FY2023,,,,,10235.6,13759.2,B,3,200,200,,gap+4
UCOBANK,banks,PSU Bank,3,6,3,FY2025|FY2024|FY2023,,,,,9851.4,11412.0,B,2,200,200,,gap+3
KARURVYSYA,banks,Private Bank,3,6,3,FY2026|FY2025|FY2024,,,,,4970.9,7022.9,B,3,200,200,,gap+3
PSB,banks,PSU Bank,3,6,3,FY2025|FY2024|FY2023,,,,,3709.2,5381.3,B,1,200,200,,gap+3
CHOLAHLDNG,banks,Bank Holding,3,9,6,FY2025|FY2024|FY2024,FY2024,,,,27275.6,34996.0,B,2,200,200,dup,gap+6
ADANIENSOL,psu_utilities,Power Transmission,3,9,6,FY2025|FY2024|FY2024,FY2024,,,,16607.4,23546.2,B,4,200,200,dup,gap+6
TATAPOWER,psu_utilities,Power Utility,3,9,6,FY2026|FY2025|FY2024,,,,,60388.0,65478.2,B,,200,200,,gap+6
CGPOWER,psu_utilities,Capital Goods,3,9,6,FY2025|FY2024|FY2024,FY2024,,,,8046.0,9814.7,B,,200,200,dup,gap+6
ENRIN,psu_utilities,Capital Goods,2,2,0,FY2026|FY2025,,,FY2025->FY2026:+64%,,4759.6,7782.5,C,5,200,200,yoy_spike,
HINDPETRO,psu_utilities,Oil Marketing,3,8,5,FY2026|FY2025|FY2024,,,,,431994.4,439633.5,B,3,200,200,,gap+5
NHPC,psu_utilities,Power Utility,3,9,6,FY2025|FY2024|FY2023,,,,,9252.5,10478.8,B,3,200,200,,gap+6
TORNTPOWER,psu_utilities,Power Utility,3,9,6,FY2026|FY2025|FY2024,,,,,26894.4,29165.3,B,3,200,200,,gap+6
SUZLON,psu_utilities,Renewables,3,9,6,FY2025|FY2024|FY2023,,,FY2024->FY2025:+68%,,5854.3,10763.4,B,2,200,200,yoy_spike,gap+6
NTPCGREEN,psu_utilities,Renewables,3,4,1,FY2025|FY2024|FY2023,,,FY2023->FY2024:+1052%,,164.7,2134.1,C,,200,200,yoy_spike,
JSWENERGY,psu_utilities,Power Utility,3,9,6,FY2025|FY2024|FY2023,,,,,9910.5,11483.8,B,,200,200,,gap+6
ATGL,psu_utilities,City Gas,3,8,5,FY2025|FY2024|FY2024,FY2024,,,,4816.5,4969.7,B,,200,200,dup,gap+5
NATIONALUM,psu_utilities,Metals (PSU),3,8,5,FY2025|FY2024|FY2023,,,,,13070.1,16662.2,B,,200,200,,gap+5
BDL,psu_utilities,Defence,3,9,6,FY2025|FY2024|FY2024,FY2024,,,,2369.3,3323.1,B,4,200,200,dup,gap+6
THERMAX,psu_utilities,Capital Goods,3,8,5,FY2026|FY2025|FY2024,,,,,9237.2,10694.1,B,,200,200,,gap+5
NLCINDIA,psu_utilities,Power Utility,3,8,5,FY2025|FY2024|FY2023,,,,,13001.3,16165.2,B,,200,200,,gap+5
HINDCOPPER,psu_utilities,Metals (PSU),3,8,5,FY2025|FY2024|FY2023,,,,,1665.1,2058.9,B,1,200,200,,gap+5
PETRONET,psu_utilities,Gas Utility,3,9,6,FY2026|FY2025|FY2024,,,,,43494.9,51927.9,B,,200,200,,gap+6
SJVN,psu_utilities,Power Utility,3,8,5,FY2025|FY2024|FY2023,,,,,2567.5,3029.2,B,3,200,200,,gap+5
GUJGASLTD,psu_utilities,City Gas,3,8,5,FY2025|FY2024|FY2023,,,,,15596.9,16665.2,B,2,200,200,,gap+5
IGL,psu_utilities,City Gas,3,9,6,FY2025|FY2024|FY2023,,,,,13946.6,14860.8,B,2,200,200,,gap+6
NBCC,psu_utilities,Construction (PSU),3,9,6,FY2025|FY2024|FY2023,,,,,8770.6,11631.7,B,2,200,200,,gap+6
MRPL,psu_utilities,Oil Refining (PSU),3,9,6,FY2025|FY2024|FY2023,,,,,90373.1,108975.6,B,1,200,200,,gap+6
CESC,psu_utilities,Power Utility,3,9,6,FY2026|FY2025|FY2024,,,,,15293.2,18570.0,B,,200,200,,gap+6
AEGISLOG,psu_utilities,Oil & Gas Logistics,3,10,7,FY2025|FY2024|FY2024,FY2024,,,,6569.1,7039.3,B,,200,200,dup,gap+7
IRB,psu_utilities,Infra - Roads,3,8,5,FY2025|FY2024|FY2023,,,,,6324.6,7362.4,B,1,200,200,,gap+5
FACT,psu_utilities,Fertilizer (PSU),3,8,5,FY2025|FY2024|FY2023,,,,,2439.6,3155.5,B,2,200,200,,gap+5
GMDCLTD,psu_utilities,Mining (PSU),3,8,5,FY2025|FY2024|FY2023,,,,,2462.9,3497.9,B,1,200,200,,gap+5
CASTROLIND,psu_utilities,Oil Marketing,3,8,5,FY2026|FY2025|FY2024,,,FY2024->FY2025:+303%,,1325.2,5700.3,B,,200,200,yoy_spike,gap+5
KIRLOSENG,psu_utilities,Capital Goods,3,8,5,FY2025|FY2024|FY2023,,,,,4968.3,6294.8,B,,200,200,,gap+5
KPIL,psu_utilities,Construction,3,8,5,FY2025|FY2024|FY2023,,,,,16213.9,22106.0,B,2,200,200,,gap+5
HINDZINC,cyclicals,Metals,3,9,6,FY2026|FY2025|FY2024,,,,,28082.0,39192.0,B,2,200,200,,gap+6
HYUNDAI,cyclicals,Auto,3,5,2,FY2025|FY2024|FY2023,,,,,59102.8,68589.8,C,2,200,200,,
POLYCAB,cyclicals,Cap Goods - Cables,3,8,5,FY2026|FY2025|FY2024,,,,,17760.4,28269.5,B,3,200,200,,gap+5
LLOYDSME,cyclicals,Metals,3,5,2,FY2025|FY2024|FY2023,,,FY2023->FY2024:+94%,,3343.0,6628.0,B,,200,200,yoy_spike,
LODHA,cyclicals,Realty,3,6,3,FY2025|FY2024|FY2023,,,,,9334.8,13670.1,B,2,200,200,,gap+3
SRF,cyclicals,Chemicals,3,8,5,FY2026|FY2025|FY2024,,,,,12910.4,15416.4,B,3,200,200,,gap+5
UNOMINDA,cyclicals,Auto Parts,3,10,7,FY2025|FY2024|FY2023,,,,,11084.4,16581.3,B,,200,200,,gap+7
SCHAEFFLER,cyclicals,Auto Parts,3,8,5,FY2026|FY2025|FY2024,,,,,7131.9,9550.0,B,4,200,200,,gap+5
LINDEINDIA,cyclicals,Industrial Gases,3,7,4,FY2025|FY2024|FY2023,,,,,2485.2,2768.4,B,,200,200,,gap+4
COROMANDEL,cyclicals,Fertilizer,3,8,5,FY2025|FY2024|FY2024,FY2024,,,,15936.6,22058.4,B,2,200,200,dup,gap+5
APARINDS,cyclicals,Cap Goods - Cables,3,7,4,FY2025|FY2024|FY2024,FY2024,,,,16153.0,18492.5,B,3,200,200,dup,gap+4
TIINDIA,cyclicals,Auto - Tubes,3,10,7,FY2025|FY2024|FY2023,,,,,14431.0,18915.1,B,,200,200,,gap+7
PIIND,cyclicals,Agrochem,3,8,5,FY2026|FY2025|FY2024,,,,,6713.7,7977.8,B,2,200,200,,gap+5
SUPREMEIND,cyclicals,Building Materials,3,8,5,FY2026|FY2025|FY2024,,,,,10080.5,11217.7,B,2,200,200,,gap+5
KEI,cyclicals,Cap Goods - Cables,3,9,6,FY2025|FY2024|FY2023,,,,,6853.2,9608.0,B,,200,200,,gap+6
ASTRAL,cyclicals,Building Materials,3,9,6,FY2026|FY2025|FY2024,,,,,5628.8,6568.6,B,2,200,200,,gap+6
KALYANKJIL,cyclicals,Retail - Jewellery,3,6,3,FY2025|FY2024|FY2023,,,,,14025.0,24945.5,B,,200,200,,gap+3
AIAENG,cyclicals,Cap Goods,3,8,5,FY2025|FY2024|FY2024,FY2024,,,,4237.6,4853.8,B,3,200,200,dup,gap+5
NAVINFLUOR,cyclicals,Specialty Chem,3,9,6,FY2025|FY2024|FY2023,,,,,2048.3,2329.6,B,,200,200,,gap+6
ENDURANCE,cyclicals,Auto Parts,3,9,6,FY2025|FY2024|FY2023,,,,,8676.1,11371.4,B,2,200,200,,gap+6
SONACOMS,cyclicals,Auto Parts,3,5,2,FY2025|FY2024|FY2023,,,,,2567.9,3412.7,B,2,200,200,,
3MINDIA,cyclicals,Diversified,3,9,6,FY2025|FY2024|FY2024,FY2024,,,,4189.4,4442.9,B,1,200,200,dup,gap+6
WELCORP,cyclicals,Steel Pipes,3,9,6,FY2025|FY2024|FY2023,,,FY2023->FY2024:+78%,,9487.1,16895.6,B,2,200,200,yoy_spike,gap+6
EXIDEIND,cyclicals,Auto Parts,3,7,4,FY2025|FY2024|FY2023,,,,,14980.7,17144.5,B,2,200,200,,gap+4
JSWINFRA,cyclicals,Ports,3,5,2,FY2025|FY2024|FY2023,,,,,3155.2,4471.3,B,3,200,200,,
METROBRAND,cyclicals,Retail - Footwear,3,5,2,FY2025|FY2024|FY2023,,,,,2126.4,2506.6,B,3,200,200,,
TVSHLTD,cyclicals,Auto Holding,3,9,6,FY2025|FY2024|FY2023,,,,,32763.8,43409.4,B,,200,200,,gap+6
ZFCVINDIA,cyclicals,Auto Parts,3,9,6,FY2025|FY2024|FY2023,,,,,3416.2,3793.7,B,2,200,200,,gap+6
FORCEMOT,cyclicals,Auto,3,4,1,FY2025|FY2024|FY2023,,,,,4981.0,8006.9,C,,200,200,,
MSUMI,cyclicals,Auto Parts,3,5,2,FY2025|FY2024|FY2023,,,,,7022.6,9271.6,B,3,200,200,,
TIMKEN,cyclicals,Bearings,3,9,6,FY2026|FY2025|FY2024,,,,,2895.7,3478.0,B,4,200,200,,gap+6
GESHIP,cyclicals,Shipping,3,9,6,FY2025|FY2024|FY2023,,,,,5175.6,5660.3,B,1,200,200,,gap+6
HONAUT,cyclicals,Automation,3,9,6,FY2025|FY2024|FY2023,,,,,3431.9,4181.7,B,3,200,200,,gap+6
ANANTRAJ,cyclicals,Realty,3,8,5,FY2025|FY2024|FY2024,FY2024,,,,1483.3,2060.0,B,2,200,200,dup,gap+5
BRIGADE,cyclicals,Realty,3,9,6,FY2025|FY2024|FY2024,FY2024,,,,4866.0,5034.0,B,1,200,200,dup,gap+6
KAJARIACER,cyclicals,Ceramics,3,8,5,FY2025|FY2024|FY2023,,,,,4371.5,4628.3,B,2,200,200,,gap+5
FORTIS,pharma,Hospitals,3,9,6,FY2026|FY2025|FY2024,,,,,6835.1,9127.8,B,4,200,200,,gap+6
ANTHEM,pharma,Biotechnology,3,5,2,FY2025|FY2024|FY2023,,,,,1056.9,1844.5,C,,200,200,,
AJANTPHARM,pharma,Pharma,3,9,6,FY2025|FY2024|FY2024,FY2024,,,,4208.7,4587.5,B,3,200,200,dup,gap+6
ASTERDM,pharma,Hospitals,3,8,5,FY2025|FY2024|FY2024,FY2024,,,,3698.9,4069.4,B,,200,200,dup,gap+5
NH,pharma,Hospitals,3,9,6,FY2025|FY2024|FY2023,,,,,4491.1,5463.6,B,3,200,200,,gap+6
JBCHEPHARM,pharma,Pharma,3,9,6,FY2025|FY2024|FY2023,,,,,3116.5,3862.0,B,3,200,200,,gap+6
MEDANTA,pharma,Hospitals,3,5,2,FY2025|FY2024|FY2023,,,,,2682.8,3636.7,B,4,200,200,,
EMCURE,pharma,Pharma,3,5,2,FY2025|FY2024|FY2023,,,,,5931.1,7808.3,C,2,200,200,,
GLAND,pharma,Pharma,3,6,3,FY2025|FY2024|FY2023,,,FY2023->FY2024:+57%,,3591.9,5641.7,B,3,200,200,yoy_spike,gap+3
KIMS,pharma,Hospitals,3,6,3,FY2025|FY2024|FY2023,,,,,2167.7,3003.5,B,,200,200,,gap+3
LALPATHLAB,pharma,Diagnostics,3,9,6,FY2025|FY2024|FY2023,,,,,2016.6,2461.2,B,2,200,200,,gap+6
IKS,pharma,Healthcare IT,3,5,2,FY2025|FY2024|FY2023,,,FY2023->FY2024:+76%,,1031.3,2664.0,C,3,200,200,yoy_spike,
WOCKPHARMA,pharma,Pharma,3,9,6,FY2025|FY2024|FY2023,,,,,2646.0,2915.0,B,,200,200,,gap+6
NATCOPHARM,pharma,Pharma,3,9,6,FY2025|FY2024|FY2023,,,,,2696.9,4411.6,B,2,200,200,,gap+6
NEULANDLAB,pharma,Pharma,3,9,6,FY2025|FY2024|FY2023,,,,,1160.9,1515.7,B,,200,200,,gap+6
ASTRAZEN,pharma,Pharma,3,9,6,FY2025|FY2024|FY2024,FY2024,,,,1295.5,1713.3,B,,200,200,dup,gap+6
SAILIFE,pharma,CRO,3,5,2,FY2025|FY2024|FY2023,,,,,1197.0,1660.4,C,,200,200,,
SAGILITY,pharma,Healthcare BPM,3,4,1,FY2025|FY2024|FY2023,,,,,4218.4,5569.9,C,2,200,200,,
SYNGENE,pharma,CRO,3,8,5,FY2025|FY2024|FY2023,,,,,3080.2,3512.8,B,3,200,200,,gap+5
GRANULES,pharma,Pharma,3,9,6,FY2025|FY2024|FY2023,,,,,4456.0,4496.3,B,1,200,200,,gap+6
ERIS,pharma,Pharma,3,9,6,FY2025|FY2024|FY2023,,,,,1661.8,2879.3,B,,200,200,,gap+6
